--------------------------------------------------------
-- Archivo creado  - sábado-mayo-23-2026   
--------------------------------------------------------
--------------------------------------------------------
--  DDL for Sequence SEQ_CALIFICACION
--------------------------------------------------------

   CREATE SEQUENCE  "UNIRIDE"."SEQ_CALIFICACION"  MINVALUE 1 MAXVALUE 9999999999999999999999999999 INCREMENT BY 1 START WITH 4 NOCACHE  NOORDER  NOCYCLE  NOKEEP  NOSCALE  GLOBAL ;
--------------------------------------------------------
--  DDL for Sequence SEQ_TARJETA
--------------------------------------------------------

   CREATE SEQUENCE  "UNIRIDE"."SEQ_TARJETA"  MINVALUE 1 MAXVALUE 9999999999999999999999999999 INCREMENT BY 1 START WITH 1 CACHE 20 NOORDER  NOCYCLE  NOKEEP  NOSCALE  GLOBAL ;
--------------------------------------------------------
--  DDL for Table CALIFICACION
--------------------------------------------------------

  CREATE TABLE "UNIRIDE"."CALIFICACION" 
   (	"ID_CALIFICACION" NUMBER GENERATED ALWAYS AS IDENTITY MINVALUE 1 MAXVALUE 9999999999999999999999999999 INCREMENT BY 1 START WITH 1 CACHE 20 NOORDER  NOCYCLE  NOKEEP  NOSCALE , 
	"MATRICULA_PASAJERO" NUMBER, 
	"MATRICULA_CONDUCTOR" NUMBER, 
	"PUNTUACION" NUMBER(1,0), 
	"COMENTARIO" VARCHAR2(200 BYTE)
   ) SEGMENT CREATION IMMEDIATE 
  PCTFREE 10 PCTUSED 40 INITRANS 1 MAXTRANS 255 
 NOCOMPRESS LOGGING
  STORAGE(INITIAL 65536 NEXT 1048576 MINEXTENTS 1 MAXEXTENTS 2147483645
  PCTINCREASE 0 FREELISTS 1 FREELIST GROUPS 1
  BUFFER_POOL DEFAULT FLASH_CACHE DEFAULT CELL_FLASH_CACHE DEFAULT)
  TABLESPACE "USERS" ;
--------------------------------------------------------
--  DDL for Table CONDUCTOR
--------------------------------------------------------

  CREATE TABLE "UNIRIDE"."CONDUCTOR" 
   (	"MATRICULA" NUMBER, 
	"NOMBRE" VARCHAR2(100 BYTE), 
	"TELEFONO" VARCHAR2(20 BYTE), 
	"PASSWORD" VARCHAR2(100 BYTE), 
	"CORREO" VARCHAR2(20 BYTE), 
	"CAMPUS" VARCHAR2(20 BYTE), 
	"FACULTAD" VARCHAR2(20 BYTE)
   ) SEGMENT CREATION IMMEDIATE 
  PCTFREE 10 PCTUSED 40 INITRANS 1 MAXTRANS 255 
 NOCOMPRESS LOGGING
  STORAGE(INITIAL 65536 NEXT 1048576 MINEXTENTS 1 MAXEXTENTS 2147483645
  PCTINCREASE 0 FREELISTS 1 FREELIST GROUPS 1
  BUFFER_POOL DEFAULT FLASH_CACHE DEFAULT CELL_FLASH_CACHE DEFAULT)
  TABLESPACE "USERS" ;
--------------------------------------------------------
--  DDL for Table PAGO
--------------------------------------------------------

  CREATE TABLE "UNIRIDE"."PAGO" 
   (	"ID_PAGO" NUMBER GENERATED BY DEFAULT AS IDENTITY MINVALUE 1 MAXVALUE 9999999999999999999999999999 INCREMENT BY 1 START WITH 1 CACHE 20 NOORDER  NOCYCLE  NOKEEP  NOSCALE , 
	"ID_SOLICITUD" NUMBER, 
	"COSTO_ESTIMADO" NUMBER(10,2), 
	"COSTO_FINAL" NUMBER(10,2), 
	"METODO_PAGO" VARCHAR2(20 BYTE), 
	"FECHA_PAGO" DATE, 
	"ESTADO" VARCHAR2(20 BYTE)
   ) SEGMENT CREATION IMMEDIATE 
  PCTFREE 10 PCTUSED 40 INITRANS 1 MAXTRANS 255 
 NOCOMPRESS LOGGING
  STORAGE(INITIAL 65536 NEXT 1048576 MINEXTENTS 1 MAXEXTENTS 2147483645
  PCTINCREASE 0 FREELISTS 1 FREELIST GROUPS 1
  BUFFER_POOL DEFAULT FLASH_CACHE DEFAULT CELL_FLASH_CACHE DEFAULT)
  TABLESPACE "USERS" ;
--------------------------------------------------------
--  DDL for Table PASAJERO
--------------------------------------------------------

  CREATE TABLE "UNIRIDE"."PASAJERO" 
   (	"MATRICULA" NUMBER, 
	"NOMBRE" VARCHAR2(100 BYTE), 
	"CORREO" VARCHAR2(100 BYTE), 
	"TELEFONO" VARCHAR2(20 BYTE), 
	"PASSWORD" VARCHAR2(100 BYTE), 
	"CAMPUS" VARCHAR2(50 BYTE), 
	"FACULTAD" VARCHAR2(100 BYTE)
   ) SEGMENT CREATION IMMEDIATE 
  PCTFREE 10 PCTUSED 40 INITRANS 1 MAXTRANS 255 
 NOCOMPRESS LOGGING
  STORAGE(INITIAL 65536 NEXT 1048576 MINEXTENTS 1 MAXEXTENTS 2147483645
  PCTINCREASE 0 FREELISTS 1 FREELIST GROUPS 1
  BUFFER_POOL DEFAULT FLASH_CACHE DEFAULT CELL_FLASH_CACHE DEFAULT)
  TABLESPACE "USERS" ;
--------------------------------------------------------
--  DDL for Table SOLICITUD_VIAJE
--------------------------------------------------------

  CREATE TABLE "UNIRIDE"."SOLICITUD_VIAJE" 
   (	"ID_SOLICITUD" NUMBER GENERATED ALWAYS AS IDENTITY MINVALUE 1 MAXVALUE 9999999999999999999999999999 INCREMENT BY 1 START WITH 1 CACHE 20 NOORDER  NOCYCLE  NOKEEP  NOSCALE , 
	"ID_VIAJE" NUMBER, 
	"MATRICULA_PASAJERO" NUMBER, 
	"PUNTO_RECOGIDA" VARCHAR2(150 BYTE), 
	"LAT_RECOGIDA" NUMBER, 
	"LON_RECOGIDA" NUMBER, 
	"ESTADO" VARCHAR2(20 BYTE) DEFAULT 'PENDIENTE', 
	"FECHA_SOLICITUD" TIMESTAMP (6) DEFAULT CURRENT_TIMESTAMP
   ) SEGMENT CREATION IMMEDIATE 
  PCTFREE 10 PCTUSED 40 INITRANS 1 MAXTRANS 255 
 NOCOMPRESS LOGGING
  STORAGE(INITIAL 65536 NEXT 1048576 MINEXTENTS 1 MAXEXTENTS 2147483645
  PCTINCREASE 0 FREELISTS 1 FREELIST GROUPS 1
  BUFFER_POOL DEFAULT FLASH_CACHE DEFAULT CELL_FLASH_CACHE DEFAULT)
  TABLESPACE "USERS" ;
--------------------------------------------------------
--  DDL for Table TARJETA
--------------------------------------------------------

  CREATE TABLE "UNIRIDE"."TARJETA" 
   (	"ID_TARJETA" NUMBER, 
	"MATRICULA_PASAJERO" NUMBER, 
	"NUMERO_TARJETA" VARCHAR2(20 BYTE), 
	"TITULAR" VARCHAR2(50 BYTE), 
	"VENCIMIENTO" VARCHAR2(10 BYTE)
   ) SEGMENT CREATION DEFERRED 
  PCTFREE 10 PCTUSED 40 INITRANS 1 MAXTRANS 255 
 NOCOMPRESS LOGGING
  TABLESPACE "USERS" ;
--------------------------------------------------------
--  DDL for Table VEHICULO
--------------------------------------------------------

  CREATE TABLE "UNIRIDE"."VEHICULO" 
   (	"ID_VEHICULO" NUMBER GENERATED ALWAYS AS IDENTITY MINVALUE 1 MAXVALUE 9999999999999999999999999999 INCREMENT BY 1 START WITH 1 CACHE 20 NOORDER  NOCYCLE  NOKEEP  NOSCALE , 
	"MATRICULA_CONDUCTOR" NUMBER, 
	"PLACA" VARCHAR2(20 BYTE), 
	"MODELO" VARCHAR2(50 BYTE), 
	"COLOR" VARCHAR2(30 BYTE), 
	"MARCA" VARCHAR2(20 BYTE)
   ) SEGMENT CREATION IMMEDIATE 
  PCTFREE 10 PCTUSED 40 INITRANS 1 MAXTRANS 255 
 NOCOMPRESS LOGGING
  STORAGE(INITIAL 65536 NEXT 1048576 MINEXTENTS 1 MAXEXTENTS 2147483645
  PCTINCREASE 0 FREELISTS 1 FREELIST GROUPS 1
  BUFFER_POOL DEFAULT FLASH_CACHE DEFAULT CELL_FLASH_CACHE DEFAULT)
  TABLESPACE "USERS" ;
--------------------------------------------------------
--  DDL for Table VIAJE
--------------------------------------------------------

  CREATE TABLE "UNIRIDE"."VIAJE" 
   (	"ID_VIAJE" NUMBER GENERATED ALWAYS AS IDENTITY MINVALUE 1 MAXVALUE 9999999999999999999999999999 INCREMENT BY 1 START WITH 1 CACHE 20 NOORDER  NOCYCLE  NOKEEP  NOSCALE , 
	"MATRICULA_CONDUCTOR" NUMBER, 
	"ID_VEHICULO" NUMBER, 
	"ORIGEN" VARCHAR2(100 BYTE), 
	"DESTINO" VARCHAR2(100 BYTE), 
	"FECHA" DATE, 
	"LAT_ORIGEN" NUMBER, 
	"LON_ORIGEN" NUMBER, 
	"LAT_DESTINO" NUMBER, 
	"LON_DESTINO" NUMBER, 
	"ESTADO" VARCHAR2(50 BYTE) DEFAULT 'Disponible', 
	"HORA_SALIDA" VARCHAR2(10 BYTE)
   ) SEGMENT CREATION IMMEDIATE 
  PCTFREE 10 PCTUSED 40 INITRANS 1 MAXTRANS 255 
 NOCOMPRESS LOGGING
  STORAGE(INITIAL 65536 NEXT 1048576 MINEXTENTS 1 MAXEXTENTS 2147483645
  PCTINCREASE 0 FREELISTS 1 FREELIST GROUPS 1
  BUFFER_POOL DEFAULT FLASH_CACHE DEFAULT CELL_FLASH_CACHE DEFAULT)
  TABLESPACE "USERS" ;
REM INSERTING into UNIRIDE.CALIFICACION
SET DEFINE OFF;
Insert into UNIRIDE.CALIFICACION (ID_CALIFICACION,MATRICULA_PASAJERO,MATRICULA_CONDUCTOR,PUNTUACION,COMENTARIO) values (1,null,377014,4,'buen viaje ');
Insert into UNIRIDE.CALIFICACION (ID_CALIFICACION,MATRICULA_PASAJERO,MATRICULA_CONDUCTOR,PUNTUACION,COMENTARIO) values (2,null,122,5,'lindo viaje');
Insert into UNIRIDE.CALIFICACION (ID_CALIFICACION,MATRICULA_PASAJERO,MATRICULA_CONDUCTOR,PUNTUACION,COMENTARIO) values (21,null,3789,1,'fue un excelente viaje y muy agradable ');
REM INSERTING into UNIRIDE.CONDUCTOR
SET DEFINE OFF;
Insert into UNIRIDE.CONDUCTOR (MATRICULA,NOMBRE,TELEFONO,PASSWORD,CORREO,CAMPUS,FACULTAD) values (377014,'diego gallegos','6147854210','futuro','a377014@uach.mx','Campus 2','Ingenieria');
Insert into UNIRIDE.CONDUCTOR (MATRICULA,NOMBRE,TELEFONO,PASSWORD,CORREO,CAMPUS,FACULTAD) values (1521,'mar','784-457-1235','123','a1551@uach.mx','Campus 1','Filosofia y letras');
Insert into UNIRIDE.CONDUCTOR (MATRICULA,NOMBRE,TELEFONO,PASSWORD,CORREO,CAMPUS,FACULTAD) values (4789,'juan perez','6142014585','holamundo','a4789@uach.mx','Campus 2','Ingenieria');
Insert into UNIRIDE.CONDUCTOR (MATRICULA,NOMBRE,TELEFONO,PASSWORD,CORREO,CAMPUS,FACULTAD) values (122,'maria pallares','6142344275','maria','a122@uach.mx','Campus 1','Filosofia y letras');
Insert into UNIRIDE.CONDUCTOR (MATRICULA,NOMBRE,TELEFONO,PASSWORD,CORREO,CAMPUS,FACULTAD) values (3789,'Bruno Chavez','6145467315','jac','a3789@uach.mx','Campus 2','Ingenieria');
REM INSERTING into UNIRIDE.PAGO
SET DEFINE OFF;
Insert into UNIRIDE.PAGO (ID_PAGO,ID_SOLICITUD,COSTO_ESTIMADO,COSTO_FINAL,METODO_PAGO,FECHA_PAGO,ESTADO) values (4,30,23.09,null,'Efectivo',to_date('22/05/26','DD/MM/RR'),null);
Insert into UNIRIDE.PAGO (ID_PAGO,ID_SOLICITUD,COSTO_ESTIMADO,COSTO_FINAL,METODO_PAGO,FECHA_PAGO,ESTADO) values (5,31,24.19,null,null,to_date('23/05/26','DD/MM/RR'),null);
Insert into UNIRIDE.PAGO (ID_PAGO,ID_SOLICITUD,COSTO_ESTIMADO,COSTO_FINAL,METODO_PAGO,FECHA_PAGO,ESTADO) values (1,27,25.4,null,null,to_date('20/05/26','DD/MM/RR'),null);
Insert into UNIRIDE.PAGO (ID_PAGO,ID_SOLICITUD,COSTO_ESTIMADO,COSTO_FINAL,METODO_PAGO,FECHA_PAGO,ESTADO) values (2,28,28.74,null,'Efectivo',to_date('21/05/26','DD/MM/RR'),null);
Insert into UNIRIDE.PAGO (ID_PAGO,ID_SOLICITUD,COSTO_ESTIMADO,COSTO_FINAL,METODO_PAGO,FECHA_PAGO,ESTADO) values (3,29,20.47,null,null,to_date('21/05/26','DD/MM/RR'),null);
Insert into UNIRIDE.PAGO (ID_PAGO,ID_SOLICITUD,COSTO_ESTIMADO,COSTO_FINAL,METODO_PAGO,FECHA_PAGO,ESTADO) values (6,32,26.78,null,'Efectivo',to_date('23/05/26','DD/MM/RR'),null);
Insert into UNIRIDE.PAGO (ID_PAGO,ID_SOLICITUD,COSTO_ESTIMADO,COSTO_FINAL,METODO_PAGO,FECHA_PAGO,ESTADO) values (7,33,25.26,null,'Tarjeta',to_date('23/05/26','DD/MM/RR'),'Pagado');
REM INSERTING into UNIRIDE.PASAJERO
SET DEFINE OFF;
Insert into UNIRIDE.PASAJERO (MATRICULA,NOMBRE,CORREO,TELEFONO,PASSWORD,CAMPUS,FACULTAD) values (1975,'Jesus Martinez','a1975@uach.mx','6147348137','dolor','Campus 2','Contaduria y administracion');
Insert into UNIRIDE.PASAJERO (MATRICULA,NOMBRE,CORREO,TELEFONO,PASSWORD,CAMPUS,FACULTAD) values (901,'dulce martinez','a901@uach.mx','6147035896','vida','Campus 2','Contaduria y administracion');
Insert into UNIRIDE.PASAJERO (MATRICULA,NOMBRE,CORREO,TELEFONO,PASSWORD,CAMPUS,FACULTAD) values (745,'ivan','a745@uach.mx','658805468','123','Campus 1','Derecho');
Insert into UNIRIDE.PASAJERO (MATRICULA,NOMBRE,CORREO,TELEFONO,PASSWORD,CAMPUS,FACULTAD) values (456,'paco','a456@uach.mx','79462895','789','Campus 1','Odontologia');
Insert into UNIRIDE.PASAJERO (MATRICULA,NOMBRE,CORREO,TELEFONO,PASSWORD,CAMPUS,FACULTAD) values (147,'ana','a147@uach','6574127859','ana123','Campus 2','Ciencias quimicas');
Insert into UNIRIDE.PASAJERO (MATRICULA,NOMBRE,CORREO,TELEFONO,PASSWORD,CAMPUS,FACULTAD) values (376899,'Ana Morales','a376899@uach.mx','6145741047','ruvi','Campus 2','Ingenieria');
Insert into UNIRIDE.PASAJERO (MATRICULA,NOMBRE,CORREO,TELEFONO,PASSWORD,CAMPUS,FACULTAD) values (3618,'Carlos Domunguez','a3618@uach.mx','6141045456','ana','Campus 2','Ingenieria');
REM INSERTING into UNIRIDE.SOLICITUD_VIAJE
SET DEFINE OFF;
Insert into UNIRIDE.SOLICITUD_VIAJE (ID_SOLICITUD,ID_VIAJE,MATRICULA_PASAJERO,PUNTO_RECOGIDA,LAT_RECOGIDA,LON_RECOGIDA,ESTADO,FECHA_SOLICITUD) values (2,6,1975,'Calle Ciprés, Colonia Satelite',28.6698047712903,-106.089134216309,'Aceptada',to_timestamp('16/05/26 01:34:42.871000000','DD/MM/RR HH24:MI:SSXFF'));
Insert into UNIRIDE.SOLICITUD_VIAJE (ID_SOLICITUD,ID_VIAJE,MATRICULA_PASAJERO,PUNTO_RECOGIDA,LAT_RECOGIDA,LON_RECOGIDA,ESTADO,FECHA_SOLICITUD) values (30,41,901,'Calle Ortiz de Campos, Parques de San Felipe',28.6505242087152,-106.087074279785,'Finalizado',to_timestamp('22/05/26 09:14:08.264000000','DD/MM/RR HH24:MI:SSXFF'));
Insert into UNIRIDE.SOLICITUD_VIAJE (ID_SOLICITUD,ID_VIAJE,MATRICULA_PASAJERO,PUNTO_RECOGIDA,LAT_RECOGIDA,LON_RECOGIDA,ESTADO,FECHA_SOLICITUD) values (31,41,3618,'Lázaro de Baigori, San Felipe III Etapa',28.6496203453398,-106.092567443848,'PENDIENTE',to_timestamp('23/05/26 21:23:34.688000000','DD/MM/RR HH24:MI:SSXFF'));
Insert into UNIRIDE.SOLICITUD_VIAJE (ID_SOLICITUD,ID_VIAJE,MATRICULA_PASAJERO,PUNTO_RECOGIDA,LAT_RECOGIDA,LON_RECOGIDA,ESTADO,FECHA_SOLICITUD) values (22,21,745,'Privada Fresno, Colonia Granjas',28.6640812244107,-106.100120544434,'Finalizado',to_timestamp('20/05/26 16:47:28.219000000','DD/MM/RR HH24:MI:SSXFF'));
Insert into UNIRIDE.SOLICITUD_VIAJE (ID_SOLICITUD,ID_VIAJE,MATRICULA_PASAJERO,PUNTO_RECOGIDA,LAT_RECOGIDA,LON_RECOGIDA,ESTADO,FECHA_SOLICITUD) values (25,21,745,'Calle Ingeniería, Colonia Satelite',28.6589598911946,-106.089477539063,'Finalizado',to_timestamp('20/05/26 16:52:53.482000000','DD/MM/RR HH24:MI:SSXFF'));
Insert into UNIRIDE.SOLICITUD_VIAJE (ID_SOLICITUD,ID_VIAJE,MATRICULA_PASAJERO,PUNTO_RECOGIDA,LAT_RECOGIDA,LON_RECOGIDA,ESTADO,FECHA_SOLICITUD) values (27,21,745,'Calle Periodismo, Colonia Satelite',28.6598636740617,-106.091537475586,'Finalizado',to_timestamp('20/05/26 16:56:31.725000000','DD/MM/RR HH24:MI:SSXFF'));
Insert into UNIRIDE.SOLICITUD_VIAJE (ID_SOLICITUD,ID_VIAJE,MATRICULA_PASAJERO,PUNTO_RECOGIDA,LAT_RECOGIDA,LON_RECOGIDA,ESTADO,FECHA_SOLICITUD) values (24,21,745,'Privada Fresno, Colonia Granjas',28.6640812244107,-106.100120544434,'Finalizado',to_timestamp('20/05/26 16:51:19.453000000','DD/MM/RR HH24:MI:SSXFF'));
Insert into UNIRIDE.SOLICITUD_VIAJE (ID_SOLICITUD,ID_VIAJE,MATRICULA_PASAJERO,PUNTO_RECOGIDA,LAT_RECOGIDA,LON_RECOGIDA,ESTADO,FECHA_SOLICITUD) values (28,21,376899,'Calle J. Garibaldi, Colonia Satelite',28.6737207021931,-106.09188079834,'Finalizado',to_timestamp('21/05/26 23:06:23.411000000','DD/MM/RR HH24:MI:SSXFF'));
Insert into UNIRIDE.SOLICITUD_VIAJE (ID_SOLICITUD,ID_VIAJE,MATRICULA_PASAJERO,PUNTO_RECOGIDA,LAT_RECOGIDA,LON_RECOGIDA,ESTADO,FECHA_SOLICITUD) values (29,21,376899,null,28.6604661916441,-106.101837158203,'Finalizado',to_timestamp('22/05/26 00:18:02.685000000','DD/MM/RR HH24:MI:SSXFF'));
Insert into UNIRIDE.SOLICITUD_VIAJE (ID_SOLICITUD,ID_VIAJE,MATRICULA_PASAJERO,PUNTO_RECOGIDA,LAT_RECOGIDA,LON_RECOGIDA,ESTADO,FECHA_SOLICITUD) values (21,21,1975,'Calle Encino, Colonia Satelite',28.6713109158808,-106.090507507324,'En viaje',to_timestamp('19/05/26 18:19:05.670000000','DD/MM/RR HH24:MI:SSXFF'));
Insert into UNIRIDE.SOLICITUD_VIAJE (ID_SOLICITUD,ID_VIAJE,MATRICULA_PASAJERO,PUNTO_RECOGIDA,LAT_RECOGIDA,LON_RECOGIDA,ESTADO,FECHA_SOLICITUD) values (23,21,745,'Privada Fresno, Colonia Granjas',28.6640812244107,-106.100120544434,'PENDIENTE',to_timestamp('20/05/26 16:48:31.950000000','DD/MM/RR HH24:MI:SSXFF'));
Insert into UNIRIDE.SOLICITUD_VIAJE (ID_SOLICITUD,ID_VIAJE,MATRICULA_PASAJERO,PUNTO_RECOGIDA,LAT_RECOGIDA,LON_RECOGIDA,ESTADO,FECHA_SOLICITUD) values (26,21,745,'Calle Ingeniería, Colonia Satelite',28.6589598911946,-106.089477539063,'Aceptada',to_timestamp('20/05/26 16:53:16.310000000','DD/MM/RR HH24:MI:SSXFF'));
Insert into UNIRIDE.SOLICITUD_VIAJE (ID_SOLICITUD,ID_VIAJE,MATRICULA_PASAJERO,PUNTO_RECOGIDA,LAT_RECOGIDA,LON_RECOGIDA,ESTADO,FECHA_SOLICITUD) values (32,61,3618,'Primaria Luis Urías Belderraín, Calle Bernal Díaz del Castillo',28.6538383077729,-106.096000671387,'Finalizado',to_timestamp('23/05/26 21:42:04.022000000','DD/MM/RR HH24:MI:SSXFF'));
Insert into UNIRIDE.SOLICITUD_VIAJE (ID_SOLICITUD,ID_VIAJE,MATRICULA_PASAJERO,PUNTO_RECOGIDA,LAT_RECOGIDA,LON_RECOGIDA,ESTADO,FECHA_SOLICITUD) values (33,61,3618,'Calle Francisco Pimentel, Colonia Granjas',28.6580561005357,-106.096687316895,'Cerrado',to_timestamp('23/05/26 22:34:45.586000000','DD/MM/RR HH24:MI:SSXFF'));
REM INSERTING into UNIRIDE.TARJETA
SET DEFINE OFF;
REM INSERTING into UNIRIDE.VEHICULO
SET DEFINE OFF;
Insert into UNIRIDE.VEHICULO (ID_VEHICULO,MATRICULA_CONDUCTOR,PLACA,MODELO,COLOR,MARCA) values (21,4789,'jzc-263-p','onix','gris ','chevrolet');
Insert into UNIRIDE.VEHICULO (ID_VEHICULO,MATRICULA_CONDUCTOR,PLACA,MODELO,COLOR,MARCA) values (81,3789,'EWG431A','sentra','blanco','Nissan');
Insert into UNIRIDE.VEHICULO (ID_VEHICULO,MATRICULA_CONDUCTOR,PLACA,MODELO,COLOR,MARCA) values (2,1521,'789-DEV-14','civic','blanco','honda');
Insert into UNIRIDE.VEHICULO (ID_VEHICULO,MATRICULA_CONDUCTOR,PLACA,MODELO,COLOR,MARCA) values (61,122,'123q','1','rojo','nissan');
Insert into UNIRIDE.VEHICULO (ID_VEHICULO,MATRICULA_CONDUCTOR,PLACA,MODELO,COLOR,MARCA) values (3,1521,'cdg-45f','x','negro','honda');
Insert into UNIRIDE.VEHICULO (ID_VEHICULO,MATRICULA_CONDUCTOR,PLACA,MODELO,COLOR,MARCA) values (22,4789,'uni-257-a','fiesta','amarillo','ford');
Insert into UNIRIDE.VEHICULO (ID_VEHICULO,MATRICULA_CONDUCTOR,PLACA,MODELO,COLOR,MARCA) values (1,1521,'789-DEV-14','civic','blanco','honda');
Insert into UNIRIDE.VEHICULO (ID_VEHICULO,MATRICULA_CONDUCTOR,PLACA,MODELO,COLOR,MARCA) values (41,377014,'741uni56','versa','rojo','nissan');
REM INSERTING into UNIRIDE.VIAJE
SET DEFINE OFF;
Insert into UNIRIDE.VIAJE (ID_VIAJE,MATRICULA_CONDUCTOR,ID_VEHICULO,ORIGEN,DESTINO,FECHA,LAT_ORIGEN,LON_ORIGEN,LAT_DESTINO,LON_DESTINO,ESTADO,HORA_SALIDA) values (5,4789,null,'Privada Aquiles Serdán, Colonia Satelite','Calle Misión Monte Parnaso, Quintas del Sol',to_date('19/05/26','DD/MM/RR'),28.6752267904919,-106.09188079834,28.6451009116119,-106.116256713867,'Disponible','08:30 a.m.');
Insert into UNIRIDE.VIAJE (ID_VIAJE,MATRICULA_CONDUCTOR,ID_VEHICULO,ORIGEN,DESTINO,FECHA,LAT_ORIGEN,LON_ORIGEN,LAT_DESTINO,LON_DESTINO,ESTADO,HORA_SALIDA) values (21,377014,41,'Calle Sabino, Colonia Granjas','Facultad Ingenieria UACh, Circuito Universitario',to_date('22/05/26','DD/MM/RR'),28.6610687057634,-106.102523803711,28.703988919949,-106.139087677002,'Disponible','09:00 a.m.');
Insert into UNIRIDE.VIAJE (ID_VIAJE,MATRICULA_CONDUCTOR,ID_VEHICULO,ORIGEN,DESTINO,FECHA,LAT_ORIGEN,LON_ORIGEN,LAT_DESTINO,LON_DESTINO,ESTADO,HORA_SALIDA) values (61,3789,81,'Calle José María Mata, Colonia Granjas','Facultad Ingenieria UACh, Circuito Universitario',to_date('27/05/26','DD/MM/RR'),28.6616712164195,-106.106643676758,28.7034619362965,-106.139345169067,'Disponible','11:30 a.m.');
Insert into UNIRIDE.VIAJE (ID_VIAJE,MATRICULA_CONDUCTOR,ID_VEHICULO,ORIGEN,DESTINO,FECHA,LAT_ORIGEN,LON_ORIGEN,LAT_DESTINO,LON_DESTINO,ESTADO,HORA_SALIDA) values (6,4789,21,'Calle Del Saúco, Colonia Satelite','Facultad Ingenieria UACh, Circuito Universitario',to_date('17/05/26','DD/MM/RR'),28.680949728555,-106.093597412109,28.703838353462,-106.139259338379,'Disponible','09:00 a.m.');
Insert into UNIRIDE.VIAJE (ID_VIAJE,MATRICULA_CONDUCTOR,ID_VEHICULO,ORIGEN,DESTINO,FECHA,LAT_ORIGEN,LON_ORIGEN,LAT_DESTINO,LON_DESTINO,ESTADO,HORA_SALIDA) values (41,122,61,'Calle Blas Cano De Los Ríos, San Felipe I Etapa','Facultad Ingenieria UACh, Circuito Universitario',to_date('23/05/26','DD/MM/RR'),28.6451009116119,-106.08570098877,28.703988919949,-106.138744354248,'Disponible','12:10 p.m.');
Insert into UNIRIDE.VIAJE (ID_VIAJE,MATRICULA_CONDUCTOR,ID_VEHICULO,ORIGEN,DESTINO,FECHA,LAT_ORIGEN,LON_ORIGEN,LAT_DESTINO,LON_DESTINO,ESTADO,HORA_SALIDA) values (2,1521,null,'Universidad Autonoma de Chihuahua Campus 2, Periférico de la Juventud','Avenida Melchor Ocampo, Colonia Altavista',null,28.7026338137659,-106.136512756348,28.6366641143073,-106.080894470215,'Disponible',null);
Insert into UNIRIDE.VIAJE (ID_VIAJE,MATRICULA_CONDUCTOR,ID_VEHICULO,ORIGEN,DESTINO,FECHA,LAT_ORIGEN,LON_ORIGEN,LAT_DESTINO,LON_DESTINO,ESTADO,HORA_SALIDA) values (62,3789,81,'Calle José María Mata, Colonia Granjas','Facultad Ingenieria UACh, Circuito Universitario',to_date('27/05/26','DD/MM/RR'),28.6616712164195,-106.106643676758,28.7034619362965,-106.139345169067,'Disponible','11:30 a.m.');
Insert into UNIRIDE.VIAJE (ID_VIAJE,MATRICULA_CONDUCTOR,ID_VEHICULO,ORIGEN,DESTINO,FECHA,LAT_ORIGEN,LON_ORIGEN,LAT_DESTINO,LON_DESTINO,ESTADO,HORA_SALIDA) values (3,1521,null,'Calle Ciudad Parral, Colonia Francisco Villa','Colonia Granjas, Chihuahua',to_date('17/05/26','DD/MM/RR'),28.6987189639954,-106.114883422852,28.6505242087152,-106.103897094727,'Disponible',null);
Insert into UNIRIDE.VIAJE (ID_VIAJE,MATRICULA_CONDUCTOR,ID_VEHICULO,ORIGEN,DESTINO,FECHA,LAT_ORIGEN,LON_ORIGEN,LAT_DESTINO,LON_DESTINO,ESTADO,HORA_SALIDA) values (4,1521,null,'Calle Barranca de Sinforosa, Chihuahua','Undernation, 7143a',to_date('18/05/26','DD/MM/RR'),28.6710096886947,-106.136512756348,28.6728170388212,-106.12964630127,'Disponible','05:30 a.m.');
--------------------------------------------------------
--  Constraints for Table SOLICITUD_VIAJE
--------------------------------------------------------

  ALTER TABLE "UNIRIDE"."SOLICITUD_VIAJE" MODIFY ("ID_SOLICITUD" NOT NULL ENABLE);
  ALTER TABLE "UNIRIDE"."SOLICITUD_VIAJE" MODIFY ("ID_VIAJE" NOT NULL ENABLE);
  ALTER TABLE "UNIRIDE"."SOLICITUD_VIAJE" MODIFY ("MATRICULA_PASAJERO" NOT NULL ENABLE);
  ALTER TABLE "UNIRIDE"."SOLICITUD_VIAJE" ADD PRIMARY KEY ("ID_SOLICITUD")
  USING INDEX PCTFREE 10 INITRANS 2 MAXTRANS 255 COMPUTE STATISTICS 
  STORAGE(INITIAL 65536 NEXT 1048576 MINEXTENTS 1 MAXEXTENTS 2147483645
  PCTINCREASE 0 FREELISTS 1 FREELIST GROUPS 1
  BUFFER_POOL DEFAULT FLASH_CACHE DEFAULT CELL_FLASH_CACHE DEFAULT)
  TABLESPACE "USERS"  ENABLE;
--------------------------------------------------------
--  Constraints for Table PAGO
--------------------------------------------------------

  ALTER TABLE "UNIRIDE"."PAGO" MODIFY ("ID_PAGO" NOT NULL ENABLE);
  ALTER TABLE "UNIRIDE"."PAGO" ADD PRIMARY KEY ("ID_PAGO")
  USING INDEX PCTFREE 10 INITRANS 2 MAXTRANS 255 COMPUTE STATISTICS 
  STORAGE(INITIAL 65536 NEXT 1048576 MINEXTENTS 1 MAXEXTENTS 2147483645
  PCTINCREASE 0 FREELISTS 1 FREELIST GROUPS 1
  BUFFER_POOL DEFAULT FLASH_CACHE DEFAULT CELL_FLASH_CACHE DEFAULT)
  TABLESPACE "USERS"  ENABLE;
--------------------------------------------------------
--  Constraints for Table TARJETA
--------------------------------------------------------

  ALTER TABLE "UNIRIDE"."TARJETA" ADD PRIMARY KEY ("ID_TARJETA")
  USING INDEX PCTFREE 10 INITRANS 2 MAXTRANS 255 COMPUTE STATISTICS 
  TABLESPACE "USERS"  ENABLE;
--------------------------------------------------------
--  Constraints for Table VIAJE
--------------------------------------------------------

  ALTER TABLE "UNIRIDE"."VIAJE" MODIFY ("ID_VIAJE" NOT NULL ENABLE);
  ALTER TABLE "UNIRIDE"."VIAJE" ADD PRIMARY KEY ("ID_VIAJE")
  USING INDEX PCTFREE 10 INITRANS 2 MAXTRANS 255 COMPUTE STATISTICS 
  STORAGE(INITIAL 65536 NEXT 1048576 MINEXTENTS 1 MAXEXTENTS 2147483645
  PCTINCREASE 0 FREELISTS 1 FREELIST GROUPS 1
  BUFFER_POOL DEFAULT FLASH_CACHE DEFAULT CELL_FLASH_CACHE DEFAULT)
  TABLESPACE "USERS"  ENABLE;
--------------------------------------------------------
--  Constraints for Table PASAJERO
--------------------------------------------------------

  ALTER TABLE "UNIRIDE"."PASAJERO" ADD PRIMARY KEY ("MATRICULA")
  USING INDEX PCTFREE 10 INITRANS 2 MAXTRANS 255 COMPUTE STATISTICS 
  STORAGE(INITIAL 65536 NEXT 1048576 MINEXTENTS 1 MAXEXTENTS 2147483645
  PCTINCREASE 0 FREELISTS 1 FREELIST GROUPS 1
  BUFFER_POOL DEFAULT FLASH_CACHE DEFAULT CELL_FLASH_CACHE DEFAULT)
  TABLESPACE "USERS"  ENABLE;
  ALTER TABLE "UNIRIDE"."PASAJERO" ADD UNIQUE ("CORREO")
  USING INDEX PCTFREE 10 INITRANS 2 MAXTRANS 255 COMPUTE STATISTICS 
  STORAGE(INITIAL 65536 NEXT 1048576 MINEXTENTS 1 MAXEXTENTS 2147483645
  PCTINCREASE 0 FREELISTS 1 FREELIST GROUPS 1
  BUFFER_POOL DEFAULT FLASH_CACHE DEFAULT CELL_FLASH_CACHE DEFAULT)
  TABLESPACE "USERS"  ENABLE;
--------------------------------------------------------
--  Constraints for Table CALIFICACION
--------------------------------------------------------

  ALTER TABLE "UNIRIDE"."CALIFICACION" MODIFY ("ID_CALIFICACION" NOT NULL ENABLE);
  ALTER TABLE "UNIRIDE"."CALIFICACION" ADD PRIMARY KEY ("ID_CALIFICACION")
  USING INDEX PCTFREE 10 INITRANS 2 MAXTRANS 255 COMPUTE STATISTICS 
  STORAGE(INITIAL 65536 NEXT 1048576 MINEXTENTS 1 MAXEXTENTS 2147483645
  PCTINCREASE 0 FREELISTS 1 FREELIST GROUPS 1
  BUFFER_POOL DEFAULT FLASH_CACHE DEFAULT CELL_FLASH_CACHE DEFAULT)
  TABLESPACE "USERS"  ENABLE;
--------------------------------------------------------
--  Constraints for Table CONDUCTOR
--------------------------------------------------------

  ALTER TABLE "UNIRIDE"."CONDUCTOR" ADD PRIMARY KEY ("MATRICULA")
  USING INDEX PCTFREE 10 INITRANS 2 MAXTRANS 255 COMPUTE STATISTICS 
  STORAGE(INITIAL 65536 NEXT 1048576 MINEXTENTS 1 MAXEXTENTS 2147483645
  PCTINCREASE 0 FREELISTS 1 FREELIST GROUPS 1
  BUFFER_POOL DEFAULT FLASH_CACHE DEFAULT CELL_FLASH_CACHE DEFAULT)
  TABLESPACE "USERS"  ENABLE;
--------------------------------------------------------
--  Constraints for Table VEHICULO
--------------------------------------------------------

  ALTER TABLE "UNIRIDE"."VEHICULO" MODIFY ("ID_VEHICULO" NOT NULL ENABLE);
  ALTER TABLE "UNIRIDE"."VEHICULO" ADD PRIMARY KEY ("ID_VEHICULO")
  USING INDEX PCTFREE 10 INITRANS 2 MAXTRANS 255 COMPUTE STATISTICS 
  STORAGE(INITIAL 65536 NEXT 1048576 MINEXTENTS 1 MAXEXTENTS 2147483645
  PCTINCREASE 0 FREELISTS 1 FREELIST GROUPS 1
  BUFFER_POOL DEFAULT FLASH_CACHE DEFAULT CELL_FLASH_CACHE DEFAULT)
  TABLESPACE "USERS"  ENABLE;
